timestamp,mode,curve_state,offset_y07,offset_y09,near_error,curve_signal,p_term,d_term,ff_term,unclamped_steer,steering_cmd,saturated,target_speed,speed_mps,heading_error,curvature,confidence,fit_source,fit_transition_active,fit_transition_ratio
1784164491.5876293,disabled,CURVE,0.202,-0.104,-0.104,0.249,-0.084,-0.0,0.0,-0.084,0.0,False,0.6,0.0,0.224306,-1.0,1.0,NORMAL,False,1.0
1784164491.6063335,running,STRAIGHT,0.164,-0.092,-0.092,0.48,-0.073,0.005,0.0,-0.068,-0.068,False,0.6,0.015,0.224306,-1.0,1.0,NORMAL,False,1.0
1784164491.626414,running,STRAIGHT,0.154,-0.089,-0.089,0.467,-0.071,0.007,0.0,-0.064,-0.064,False,0.6,0.032,0.224306,-1.0,1.0,NORMAL,False,1.0
1784164491.6468728,running,CURVE,0.171,-0.094,-0.094,0.215,-0.075,0.001,0.0,-0.074,-0.074,False,0.6,0.05,-0.0490714,-1.0,1.0,NORMAL,False,1.0
1784164491.6657195,running,CURVE,0.188,-0.1,-0.1,0.24,-0.08,-0.005,0.0,-0.085,-0.085,False,0.6,0.066,-0.0480638,-1.0,1.0,NORMAL,False,1.0
1784164491.6852012,running,CURVE,0.192,-0.102,-0.102,0.246,-0.082,-0.006,0.0,-0.087,-0.087,False,0.6,0.083,-0.0480638,-1.0,1.0,NORMAL,False,1.0
1784164491.7066398,running,CURVE,0.194,-0.104,-0.104,0.25,-0.083,-0.005,0.0,-0.088,-0.088,False,0.6,0.101,-0.0480638,-1.0,1.0,NORMAL,False,1.0
1784164491.7259638,running,CURVE,0.195,-0.105,-0.105,0.252,-0.084,-0.005,0.0,-0.089,-0.089,False,0.6,0.117,-0.0485735,-1.0,1.0,NORMAL,False,1.0
1784164491.7459013,running,CURVE,0.195,-0.107,-0.107,0.253,-0.085,-0.005,0.0,-0.09,-0.09,False,0.6,0.134,-0.0485735,-1.0,1.0,NORMAL,False,1.0
1784164491.7667036,running,CURVE,0.195,-0.107,-0.107,0.254,-0.086,-0.004,0.0,-0.09,-0.09,False,0.6,0.15,-0.0355105,-1.0,1.0,NORMAL,False,1.0
1784164491.7866213,running,CURVE,0.198,-0.103,-0.103,0.266,-0.083,0.001,0.0,-0.082,-0.082,False,0.6,0.169,-0.0355105,-1.0,1.0,NORMAL,False,1.0
1784164491.8072138,running,CURVE,0.199,-0.103,-0.103,0.258,-0.082,0.001,0.0,-0.081,-0.081,False,0.6,0.185,-0.0442206,-1.0,1.0,NORMAL,False,1.0
1784164491.8268588,running,CURVE,0.2,-0.103,-0.103,0.258,-0.082,0.001,0.0,-0.081,-0.081,False,0.6,0.203,-0.0442206,-1.0,1.0,NORMAL,False,1.0
1784164491.8476043,running,CURVE,0.2,-0.102,-0.102,0.258,-0.082,0.001,0.0,-0.081,-0.081,False,0.6,0.22,-0.0442206,-1.0,1.0,NORMAL,False,1.0
1784164491.8672209,running,CURVE,0.176,-0.097,-0.097,0.497,-0.078,0.005,0.0,-0.073,-0.073,False,0.6,0.237,0.223874,-1.0,1.0,NORMAL,False,1.0
1784164491.8848743,running,CURVE,0.15,-0.091,-0.091,0.465,-0.073,0.007,0.0,-0.066,-0.066,False,0.6,0.252,0.223874,-1.0,1.0,NORMAL,False,1.0
1784164491.905189,running,CURVE,0.144,-0.09,-0.09,0.457,-0.072,0.006,0.0,-0.066,-0.066,False,0.6,0.269,0.223874,-1.0,1.0,NORMAL,False,1.0
1784164491.925412,running,CURVE,0.162,-0.097,-0.097,0.209,-0.077,-0.003,0.0,-0.08,-0.08,False,0.6,0.287,-0.0489809,-1.0,1.0,NORMAL,False,1.0
1784164491.9456675,running,CURVE,0.174,-0.101,-0.101,0.225,-0.081,-0.005,0.0,-0.086,-0.086,False,0.6,0.304,-0.0546383,-1.0,1.0,NORMAL,False,1.0
1784164491.966271,running,CURVE,0.183,-0.102,-0.102,0.231,-0.082,-0.005,0.0,-0.087,-0.087,False,0.6,0.321,-0.0546383,-1.0,1.0,NORMAL,False,1.0
1784164491.985584,running,CURVE,0.193,-0.103,-0.103,0.242,-0.083,-0.003,0.0,-0.086,-0.086,False,0.6,0.338,-0.0546383,-1.0,1.0,NORMAL,False,1.0
1784164492.0057197,running,CURVE,0.196,-0.104,-0.104,0.245,-0.083,-0.003,0.0,-0.086,-0.086,False,0.6,0.355,-0.0546383,-1.0,1.0,NORMAL,False,1.0
1784164492.0260127,running,CURVE,0.2,-0.103,-0.103,0.243,-0.082,-0.001,0.0,-0.084,-0.084,False,0.6,0.372,-0.0594699,-1.0,1.0,NORMAL,False,1.0
1784164492.0455003,running,CURVE,0.202,-0.103,-0.103,0.245,-0.082,-0.0,0.0,-0.083,-0.083,False,0.6,0.389,-0.0452921,-1.0,1.0,NORMAL,False,1.0
1784164492.065617,running,CURVE,0.202,-0.102,-0.102,0.259,-0.082,0.0,0.0,-0.081,-0.081,False,0.6,0.406,-0.0452921,-1.0,1.0,NORMAL,False,1.0
1784164492.08569,running,CURVE,0.202,-0.101,-0.101,0.258,-0.081,0.001,0.0,-0.08,-0.08,False,0.6,0.423,-0.0452921,-1.0,1.0,NORMAL,False,1.0
1784164492.1057,running,CURVE,0.192,-0.098,-0.098,0.386,-0.078,0.004,0.0,-0.074,-0.074,False,0.6,0.44,0.0970977,-1.0,1.0,NORMAL,False,1.0
1784164492.1249504,running,CURVE,0.185,-0.095,-0.095,0.377,-0.076,0.005,0.0,-0.072,-0.072,False,0.6,0.456,0.0970977,-1.0,1.0,NORMAL,False,1.0
1784164492.1492367,running,CURVE,0.192,-0.087,-0.087,0.254,-0.07,0.009,0.0,-0.06,-0.06,False,0.6,0.475,-0.025074,-1.0,1.0,NORMAL,False,1.0
1784164492.1676488,running,CURVE,0.197,-0.082,-0.082,0.254,-0.066,0.012,0.0,-0.054,-0.054,False,0.6,0.492,-0.025074,-1.0,1.0,NORMAL,False,1.0
1784164492.1872885,running,CURVE,0.202,-0.066,-0.066,0.265,-0.053,0.018,0.0,-0.035,-0.035,False,0.6,0.509,-0.00301499,-1.0,1.0,NORMAL,False,1.0
1784164492.206961,running,CURVE,0.203,-0.058,-0.058,0.258,-0.046,0.024,0.0,-0.023,-0.023,False,0.6,0.526,-0.00301499,-1.0,1.0,NORMAL,False,1.0
1784164492.2274716,running,CURVE,0.203,-0.053,-0.053,0.253,-0.042,0.021,0.0,-0.022,-0.022,False,0.6,0.543,-0.00301499,-1.0,1.0,NORMAL,False,1.0
1784164492.2474642,running,CURVE,0.2,-0.035,-0.035,0.257,-0.028,0.034,0.0,0.006,0.006,False,0.6,0.56,0.0214244,-1.0,1.0,NORMAL,False,1.0
1784164492.2675924,running,CURVE,0.198,-0.023,-0.023,0.243,-0.019,0.032,0.0,0.013,0.013,False,0.6,0.576,0.0214244,-1.0,1.0,NORMAL,False,1.0
1784164492.285411,running,CURVE,0.192,0.01,0.01,0.184,0.008,0.04,0.0,0.048,0.048,False,0.6,0.593,0.00193381,-1.0,1.0,NORMAL,False,1.0
1784164492.3073976,running,CURVE,0.184,0.049,0.049,0.155,0.04,0.048,0.0,0.087,0.087,False,0.6,0.6,0.0203955,-1.0,1.0,NORMAL,False,1.0
1784164492.326698,running,CURVE,0.152,0.134,0.134,0.177,0.107,0.053,0.0,0.16,0.16,False,0.6,0.6,0.159045,1.0,1.0,NORMAL,False,1.0
1784164492.345928,running,CURVE,0.131,0.189,0.189,0.101,0.151,0.057,0.0,0.208,0.208,False,0.6,0.6,0.159045,1.0,1.0,NORMAL,False,1.0
1784164492.3650386,running,CURVE,0.114,0.203,0.203,0.039,0.162,0.022,0.0,0.184,0.184,False,0.6,0.6,0.128088,-1.0,1.0,NORMAL,False,1.0
1784164492.3864474,running,CURVE,0.141,0.176,0.176,-0.084,0.141,-0.002,-0.0,0.139,0.139,False,0.6,0.6,-0.0496099,-1.0,1.0,NORMAL,False,1.0
1784164492.4068289,running,CURVE,0.159,0.158,0.158,-0.048,0.127,-0.019,-0.0,0.108,0.108,False,0.6,0.6,-0.0496099,-1.0,1.0,NORMAL,False,1.0
1784164492.426451,running,CURVE,0.171,0.147,0.147,-0.025,0.117,-0.029,-0.0,0.088,0.088,False,0.6,0.6,-0.0496099,-1.0,1.0,NORMAL,False,1.0
1784164492.4454303,running,CURVE,0.168,0.142,0.142,0.099,0.114,-0.024,0.0,0.09,0.09,False,0.6,0.6,0.073398,-1.0,1.0,NORMAL,False,1.0
1784164492.4670448,running,CURVE,0.165,0.137,0.137,0.101,0.11,-0.015,0.0,0.095,0.095,False,0.6,0.6,0.073398,-1.0,1.0,NORMAL,False,1.0
1784164492.4866138,running,CURVE,0.157,0.117,0.117,-0.03,0.093,-0.028,-0.0,0.065,0.065,False,0.6,0.6,-0.0702168,-0.603446,1.0,NORMAL,False,1.0
1784164492.5065622,running,CURVE,0.152,0.103,0.103,-0.021,0.083,-0.031,-0.0,0.051,0.051,False,0.6,0.6,-0.0702168,-0.603446,1.0,NORMAL,False,1.0
1784164492.525673,running,CURVE,0.161,0.081,0.081,-0.151,0.065,-0.041,-0.0,0.024,0.024,False,0.6,0.6,-0.230306,0.805393,1.0,NORMAL,False,1.0
1784164492.5454519,running,CURVE,0.166,0.067,0.067,-0.132,0.054,-0.04,-0.0,0.014,0.014,False,0.6,0.6,-0.230306,0.805393,1.0,NORMAL,False,1.0
1784164492.5679631,running,CURVE,0.169,0.058,0.058,-0.119,0.046,-0.037,-0.0,0.009,0.009,False,0.6,0.6,-0.0505671,-1.0,1.0,NORMAL,False,1.0
1784164492.5858657,running,CURVE,0.182,0.033,0.033,0.099,0.026,-0.036,0.0,-0.009,-0.009,False,0.6,0.6,-0.0505671,-1.0,1.0,NORMAL,False,1.0
1784164492.6061656,running,CURVE,0.186,0.027,0.027,0.108,0.021,-0.031,0.0,-0.01,-0.01,False,0.6,0.6,-0.0505671,-1.0,1.0,NORMAL,False,1.0
1784164492.6253996,running,CURVE,0.19,0.045,0.045,0.174,0.036,-0.004,0.0,0.032,0.032,False,0.6,0.6,0.0290487,-1.0,1.0,NORMAL,False,1.0
1784164492.645601,running,CURVE,0.193,0.057,0.057,0.165,0.046,0.007,0.0,0.053,0.053,False,0.6,0.6,0.0290487,-1.0,1.0,NORMAL,False,1.0
1784164492.66575,running,CURVE,0.205,0.09,0.09,-0.07,0.072,0.025,-0.0,0.097,0.097,False,0.6,0.6,-0.185755,1.0,1.0,NORMAL,False,1.0
1784164492.6854582,running,CURVE,0.218,0.125,0.125,-0.093,0.1,0.038,-0.0,0.138,0.138,False,0.6,0.6,-0.185755,1.0,1.0,NORMAL,False,1.0
1784164492.7057912,running,CURVE,0.194,0.154,0.154,0.175,0.123,0.046,0.0,0.169,0.169,False,0.6,0.6,0.135158,-1.0,1.0,NORMAL,False,1.0
1784164492.7259781,running,CURVE,0.179,0.173,0.173,0.141,0.138,0.052,0.0,0.19,0.19,False,0.6,0.6,0.135158,-1.0,1.0,NORMAL,False,1.0
1784164492.7462814,running,CURVE,0.169,0.185,0.185,0.119,0.148,0.045,0.0,0.193,0.193,False,0.6,0.6,0.135158,-1.0,1.0,NORMAL,False,1.0
1784164492.7662652,running,CURVE,0.184,0.171,0.171,-0.031,0.137,0.011,-0.0,0.148,0.148,False,0.6,0.6,-0.0430926,-0.167865,1.0,NORMAL,False,1.0
1784164492.7857373,running,CURVE,0.193,0.175,0.175,-0.092,0.14,0.011,-0.0,0.151,0.151,False,0.6,0.6,-0.109692,1.0,1.0,NORMAL,False,1.0
1784164492.8053343,running,CURVE,0.198,0.178,0.178,-0.089,0.142,0.01,-0.0,0.152,0.152,False,0.6,0.6,-0.109692,1.0,1.0,NORMAL,False,1.0
1784164492.8272364,running,CURVE,0.202,0.18,0.18,-0.087,0.144,0.009,-0.0,0.152,0.152,False,0.6,0.6,-0.109692,1.0,1.0,NORMAL,False,1.0
1784164492.8470104,running,CURVE,0.186,0.187,0.187,0.061,0.149,0.013,0.0,0.162,0.162,False,0.6,0.6,0.0617002,0.0617697,1.0,NORMAL,False,1.0
1784164492.8668654,running,CURVE,0.176,0.191,0.191,0.047,0.153,0.013,0.0,0.166,0.166,False,0.6,0.6,-0.00143054,0.860371,1.0,NORMAL,False,1.0
1784164492.8860672,running,STRAIGHT,0.171,0.191,0.191,-0.022,0.153,0.006,-0.0,0.159,0.159,False,0.6,0.6,-0.00143054,0.860371,1.0,NORMAL,False,1.0
1784164492.9063807,running,STRAIGHT,0.169,0.191,0.191,-0.023,0.153,0.004,-0.0,0.157,0.157,False,0.6,0.6,-0.00143054,0.860371,1.0,NORMAL,False,1.0
1784164492.9262903,running,STRAIGHT,0.171,0.192,0.192,-0.066,0.153,0.004,-0.0,0.157,0.157,False,0.6,0.6,-0.0450831,1.0,1.0,NORMAL,False,1.0
1784164492.9453135,running,STRAIGHT,0.172,0.192,0.192,-0.066,0.154,0.003,-0.0,0.157,0.157,False,0.6,0.6,-0.0450831,1.0,1.0,NORMAL,False,1.0
1784164492.966502,running,STRAIGHT,0.172,0.193,0.193,-0.065,0.154,0.002,-0.0,0.156,0.156,False,0.6,0.6,-0.0755835,1.0,1.0,NORMAL,False,1.0
1784164492.985691,running,STRAIGHT,0.18,0.21,0.21,-0.105,0.168,0.014,-0.0,0.182,0.182,False,0.6,0.6,-0.0755835,1.0,1.0,NORMAL,False,1.0
1784164493.0060604,running,STRAIGHT,0.184,0.217,0.217,-0.113,0.174,0.016,-0.0,0.19,0.19,False,0.6,0.6,-0.0802632,1.0,1.0,NORMAL,False,1.0
1784164493.026032,running,STRAIGHT,0.187,0.222,0.222,-0.115,0.178,0.016,-0.0,0.194,0.194,False,0.6,0.6,-0.0802632,1.0,1.0,NORMAL,False,1.0
1784164493.0461392,running,STRAIGHT,0.189,0.225,0.225,-0.117,0.18,0.014,-0.0,0.195,0.195,False,0.6,0.6,-0.0802632,1.0,1.0,NORMAL,False,1.0
1784164493.066545,running,STRAIGHT,0.193,0.24,0.24,-0.226,0.192,0.022,-0.0,0.214,0.214,False,0.6,0.6,-0.179046,1.0,1.0,NORMAL,False,1.0
1784164493.086232,running,STRAIGHT,0.197,0.255,0.255,-0.237,0.204,0.022,-0.0,0.226,0.226,False,0.6,0.6,-0.179046,1.0,1.0,NORMAL,False,1.0
1784164493.1061523,running,STRAIGHT,0.203,0.235,0.235,-0.171,0.188,-0.003,-0.0,0.185,0.185,False,0.6,0.6,-0.138201,1.0,1.0,NORMAL,False,1.0
1784164493.1253233,running,STRAIGHT,0.207,0.223,0.223,-0.154,0.178,-0.014,-0.0,0.164,0.164,False,0.6,0.6,-0.138201,1.0,1.0,NORMAL,False,1.0
1784164493.1460803,running,STRAIGHT,0.219,0.215,0.215,-0.244,0.172,-0.016,-0.0,0.156,0.156,False,0.6,0.6,-0.247809,1.0,1.0,NORMAL,False,1.0
1784164493.164848,running,STRAIGHT,0.228,0.211,0.211,-0.231,0.169,-0.016,-0.0,0.152,0.152,False,0.6,0.6,-0.247809,1.0,1.0,NORMAL,False,1.0
1784164493.1866395,running,CURVE,0.241,0.208,0.208,-0.237,0.166,-0.01,-0.0,0.157,0.157,False,0.6,0.6,-0.270919,1.0,1.0,NORMAL,False,1.0
1784164493.2074564,running,CURVE,0.247,0.208,0.208,-0.232,0.166,-0.007,-0.0,0.16,0.16,False,0.6,0.6,-0.270919,1.0,1.0,NORMAL,False,1.0
1784164493.227568,running,CURVE,0.25,0.208,0.208,-0.228,0.166,-0.005,-0.0,0.162,0.162,False,0.6,0.6,-0.270919,1.0,1.0,NORMAL,False,1.0
1784164493.247737,running,CURVE,0.256,0.206,0.206,-0.25,0.164,-0.005,-0.0,0.159,0.159,False,0.6,0.6,-0.300498,1.0,1.0,NORMAL,False,1.0
1784164493.266194,running,CURVE,0.269,0.207,0.207,-0.261,0.165,0.0,-0.0,0.166,0.166,False,0.6,0.6,-0.322734,1.0,1.0,NORMAL,False,1.0
1784164493.2861974,running,CURVE,0.274,0.208,0.208,-0.257,0.167,0.001,-0.0,0.168,0.168,False,0.6,0.6,-0.322734,1.0,1.0,NORMAL,False,1.0
1784164493.3053017,running,CURVE,0.278,0.209,0.209,-0.254,0.168,0.002,-0.0,0.17,0.17,False,0.6,0.6,-0.322734,1.0,1.0,NORMAL,False,1.0
1784164493.3259292,running,CURVE,0.283,0.213,0.213,-0.251,0.17,0.004,-0.0,0.175,0.175,False,0.6,0.6,-0.320385,1.0,1.0,NORMAL,False,1.0
1784164493.3475213,running,CURVE,0.286,0.215,0.215,-0.25,0.172,0.005,-0.0,0.177,0.177,False,0.6,0.6,-0.320385,1.0,1.0,NORMAL,False,1.0
1784164493.3666618,running,CURVE,0.291,0.213,0.213,-0.263,0.17,0.002,-0.0,0.172,0.172,False,0.6,0.6,-0.340942,1.0,1.0,NORMAL,False,1.0
1784164493.3858144,running,CURVE,0.296,0.21,0.21,-0.255,0.168,-0.001,-0.0,0.167,0.167,False,0.6,0.6,-0.340942,1.0,1.0,NORMAL,False,1.0
1784164493.4055803,running,CURVE,0.304,0.213,0.213,-0.246,0.171,0.002,-0.0,0.172,0.172,False,0.6,0.6,-0.336877,1.0,1.0,NORMAL,False,1.0
1784164493.4256513,running,CURVE,0.31,0.215,0.215,-0.242,0.172,0.003,-0.0,0.176,0.176,False,0.6,0.6,-0.336877,1.0,1.0,NORMAL,False,1.0
1784164493.4452553,running,CURVE,0.313,0.217,0.217,-0.24,0.173,0.004,-0.0,0.177,0.177,False,0.6,0.6,-0.336877,1.0,1.0,NORMAL,False,1.0
1784164493.466761,running,CURVE,0.33,0.227,0.227,-0.255,0.181,0.009,-0.0,0.19,0.19,False,0.6,0.6,-0.358213,1.0,1.0,NORMAL,False,1.0
1784164493.4865198,running,CURVE,0.334,0.224,0.224,-0.283,0.179,0.004,-0.0,0.183,0.183,False,0.6,0.6,-0.392854,1.0,1.0,NORMAL,False,1.0
1784164493.506662,running,CURVE,0.337,0.223,0.223,-0.278,0.178,0.001,-0.0,0.179,0.179,False,0.6,0.6,-0.392854,1.0,1.0,NORMAL,False,1.0
1784164493.525918,running,CURVE,0.339,0.222,0.222,-0.275,0.177,0.0,-0.0,0.177,0.177,False,0.6,0.6,-0.392854,1.0,1.0,NORMAL,False,1.0
1784164493.5456429,running,CURVE,0.348,0.219,0.219,-0.286,0.175,-0.003,-0.0,0.172,0.172,False,0.6,0.6,-0.415458,1.0,1.0,NORMAL,False,1.0
1784164493.5677886,running,CURVE,0.354,0.217,0.217,-0.278,0.174,-0.003,-0.0,0.17,0.17,False,0.6,0.6,-0.415458,1.0,1.0,NORMAL,False,1.0
1784164493.5862224,running,CURVE,0.361,0.215,0.215,-0.246,0.172,-0.003,-0.0,0.169,0.169,False,0.6,0.6,-0.392194,1.0,1.0,NORMAL,False,1.0
1784164493.6069434,running,CURVE,0.363,0.215,0.215,-0.244,0.172,-0.003,-0.0,0.169,0.169,False,0.6,0.6,-0.392194,1.0,1.0,NORMAL,False,1.0
1784164493.6271455,running,CURVE,0.37,0.221,0.221,-0.247,0.177,0.004,-0.0,0.181,0.181,False,0.6,0.6,-0.395778,1.0,1.0,NORMAL,False,1.0
1784164493.647465,running,CURVE,0.375,0.225,0.225,-0.246,0.18,0.006,-0.0,0.186,0.186,False,0.6,0.6,-0.395778,1.0,1.0,NORMAL,False,1.0
1784164493.6669037,running,CURVE,0.39,0.251,0.251,-0.278,0.201,0.024,-0.0,0.225,0.225,False,0.6,0.6,-0.417109,1.0,1.0,NORMAL,False,1.0
1784164493.6868217,running,CURVE,0.398,0.266,0.266,-0.285,0.213,0.03,-0.0,0.243,0.243,False,0.6,0.6,-0.417109,1.0,1.0,NORMAL,False,1.0
1784164493.706847,running,CURVE,0.403,0.276,0.276,-0.289,0.22,0.029,-0.0,0.249,0.249,False,0.6,0.6,-0.417109,1.0,1.0,NORMAL,False,1.0
1784164493.7271276,running,CURVE,0.411,0.283,0.283,-0.293,0.226,0.028,-0.0,0.254,0.254,False,0.6,0.6,-0.420467,1.0,1.0,NORMAL,False,1.0
1784164493.7478049,running,CURVE,0.415,0.288,0.288,-0.293,0.23,0.024,-0.0,0.254,0.254,False,0.6,0.6,-0.420467,1.0,1.0,NORMAL,False,1.0
1784164493.7694502,running,CURVE,0.419,0.292,0.292,-0.298,0.233,0.019,-0.0,0.253,0.253,False,0.6,0.6,-0.424585,1.0,1.0,NORMAL,False,1.0
1784164493.7871368,running,CURVE,0.422,0.295,0.295,-0.298,0.236,0.012,-0.0,0.249,0.249,False,0.6,0.6,-0.424585,1.0,1.0,NORMAL,False,1.0
1784164493.8074625,running,CURVE,0.427,0.291,0.291,-0.296,0.233,0.004,-0.0,0.237,0.237,False,0.6,0.6,-0.432546,1.0,1.0,NORMAL,False,1.0
1784164493.8261795,running,CURVE,0.43,0.288,0.288,-0.29,0.23,0.0,-0.0,0.23,0.23,False,0.6,0.6,-0.432546,1.0,1.0,NORMAL,False,1.0
1784164493.8462634,running,CURVE,0.432,0.286,0.286,-0.286,0.229,-0.002,-0.0,0.227,0.227,False,0.6,0.6,-0.432546,1.0,1.0,NORMAL,False,1.0
1784164493.8683474,running,CURVE,0.447,0.289,0.289,-0.306,0.231,0.002,-0.0,0.233,0.233,False,0.6,0.6,-0.46401,1.0,1.0,NORMAL,False,1.0
1784164493.886323,running,CURVE,0.47,0.291,0.291,-0.29,0.233,0.002,-0.0,0.235,0.235,False,0.6,0.6,-0.468897,1.0,1.0,NORMAL,False,1.0
1784164493.9062521,running,CURVE,0.479,0.291,0.291,-0.281,0.233,0.001,-0.0,0.234,0.234,False,0.6,0.6,-0.468897,1.0,1.0,NORMAL,False,1.0
1784164493.9264011,running,CURVE,0.485,0.291,0.291,-0.275,0.233,0.001,-0.0,0.234,0.234,False,0.6,0.6,-0.468897,1.0,1.0,NORMAL,False,1.0
1784164493.9458876,running,CURVE,0.498,0.303,0.303,-0.255,0.243,0.011,-0.0,0.254,0.254,False,0.6,0.6,-0.450278,1.0,1.0,NORMAL,False,1.0
1784164493.9647279,running,CURVE,0.512,0.316,0.316,-0.255,0.253,0.016,-0.0,0.269,0.269,False,0.6,0.6,-0.450278,1.0,1.0,NORMAL,False,1.0
1784164493.986442,running,CURVE,0.529,0.351,0.351,-0.243,0.281,0.03,-0.0,0.311,0.311,False,0.6,0.6,-0.420318,1.0,1.0,NORMAL,False,1.0
1784164494.0056438,running,CURVE,0.54,0.374,0.374,-0.254,0.299,0.041,-0.0,0.34,0.34,False,0.6,0.6,-0.420318,1.0,1.0,NORMAL,False,1.0
1784164494.025361,running,CURVE,0.547,0.388,0.388,-0.262,0.311,0.04,-0.0,0.351,0.351,False,0.6,0.6,-0.420318,1.0,1.0,NORMAL,False,1.0
1784164494.046853,running,CURVE,0.554,0.397,0.397,-0.271,0.318,0.037,-0.0,0.355,0.355,False,0.6,0.6,-0.427441,1.0,1.0,NORMAL,False,1.0
1784164494.0669446,running,CURVE,0.562,0.407,0.407,-0.273,0.326,0.026,-0.0,0.351,0.351,False,0.6,0.6,-0.427441,1.0,1.0,NORMAL,False,1.0
1784164494.0863383,running,CURVE,0.569,0.407,0.407,-0.273,0.326,0.018,-0.0,0.344,0.344,False,0.6,0.6,-0.435308,1.0,1.0,NORMAL,False,1.0
1784164494.1064377,running,CURVE,0.574,0.408,0.408,-0.269,0.326,0.013,-0.0,0.339,0.339,False,0.6,0.6,-0.435308,1.0,1.0,NORMAL,False,1.0
1784164494.1268554,running,CURVE,0.592,0.417,0.417,-0.241,0.334,0.018,-0.0,0.352,0.352,False,0.6,0.6,-0.415402,1.0,1.0,NORMAL,False,1.0
1784164494.146754,running,CURVE,0.603,0.424,0.424,-0.236,0.339,0.018,-0.0,0.357,0.357,False,0.6,0.6,-0.415402,1.0,1.0,NORMAL,False,1.0
1784164494.1664166,running,CURVE,0.627,0.436,0.436,-0.201,0.349,0.02,-0.0,0.368,0.368,False,0.6,0.6,-0.391993,1.0,1.0,NORMAL,False,1.0
1784164494.1862009,running,CURVE,0.637,0.441,0.441,-0.196,0.353,0.018,-0.0,0.371,0.371,False,0.6,0.6,-0.391993,1.0,1.0,NORMAL,False,1.0
1784164494.2075412,running,CURVE,0.646,0.447,0.447,-0.187,0.358,0.018,-0.0,0.375,0.375,False,0.6,0.6,-0.385681,1.0,1.0,NORMAL,False,1.0
1784164494.2265317,running,CURVE,0.652,0.451,0.451,-0.185,0.361,0.016,-0.0,0.377,0.377,False,0.6,0.6,-0.385681,1.0,1.0,NORMAL,False,1.0
1784164494.2461636,running,CURVE,0.655,0.454,0.454,-0.184,0.363,0.014,-0.0,0.377,0.377,False,0.6,0.6,-0.385681,1.0,1.0,NORMAL,False,1.0
1784164494.2673035,running,CURVE,0.662,0.461,0.461,-0.194,0.369,0.016,-0.0,0.385,0.385,False,0.6,0.6,-0.395313,1.0,1.0,NORMAL,False,1.0
1784164494.2864707,running,CURVE,0.677,0.478,0.478,-0.147,0.383,0.022,-0.0,0.405,0.405,False,0.6,0.6,-0.345623,1.0,1.0,NORMAL,False,1.0
1784164494.3063118,running,CURVE,0.683,0.487,0.487,-0.149,0.389,0.023,-0.0,0.412,0.412,False,0.6,0.6,-0.345623,1.0,1.0,NORMAL,False,1.0
1784164494.3266997,running,CURVE,0.688,0.492,0.492,-0.15,0.394,0.021,-0.0,0.415,0.415,False,0.6,0.6,-0.345623,1.0,1.0,NORMAL,False,1.0
1784164494.3465962,running,CURVE,0.695,0.5,0.5,-0.154,0.4,0.023,-0.0,0.423,0.423,False,0.6,0.6,-0.348568,1.0,1.0,NORMAL,False,1.0
1784164494.3669076,running,CURVE,0.702,0.509,0.509,-0.156,0.408,0.018,-0.0,0.425,0.425,False,0.6,0.6,-0.348568,1.0,1.0,NORMAL,False,1.0
1784164494.3857965,running,CURVE,0.703,0.521,0.521,-0.154,0.417,0.022,-0.0,0.439,0.439,False,0.6,0.6,-0.336456,1.0,1.0,NORMAL,False,1.0
1784164494.4063714,running,CURVE,0.704,0.528,0.528,-0.161,0.422,0.021,-0.0,0.443,0.443,False,0.6,0.6,-0.336456,1.0,1.0,NORMAL,False,1.0
1784164494.426657,running,CURVE,0.712,0.544,0.544,-0.183,0.435,0.03,-0.0,0.465,0.465,False,0.6,0.6,-0.352078,1.0,1.0,NORMAL,False,1.0
1784164494.445227,running,CURVE,0.718,0.554,0.554,-0.188,0.443,0.031,-0.0,0.474,0.474,False,0.6,0.6,-0.352078,1.0,1.0,NORMAL,False,1.0
1784164494.4676244,running,CURVE,0.731,0.563,0.563,-0.142,0.451,0.022,-0.0,0.472,0.472,False,0.6,0.6,-0.30899,1.0,1.0,NORMAL,False,1.0
1784164494.486475,running,CURVE,0.736,0.565,0.565,-0.138,0.452,0.017,-0.0,0.469,0.469,False,0.6,0.6,-0.30899,1.0,1.0,NORMAL,False,1.0
1784164494.5065417,running,CURVE,0.74,0.566,0.566,-0.135,0.453,0.013,-0.0,0.466,0.466,False,0.6,0.6,-0.30899,1.0,1.0,NORMAL,False,1.0
1784164494.5258102,running,CURVE,0.749,0.576,0.576,-0.156,0.461,0.016,-0.0,0.477,0.477,False,0.6,0.6,-0.328814,1.0,1.0,NORMAL,False,1.0
1784164494.5460844,running,CURVE,0.755,0.582,0.582,-0.156,0.466,0.018,-0.0,0.484,0.484,False,0.6,0.6,-0.328814,1.0,1.0,NORMAL,False,1.0
1784164494.566509,running,CURVE,0.758,0.587,0.587,-0.15,0.469,0.017,-0.0,0.486,0.486,False,0.6,0.6,-0.320515,1.0,1.0,NORMAL,False,1.0
1784164494.585751,running,CURVE,0.761,0.591,0.591,-0.151,0.473,0.011,-0.0,0.485,0.485,False,0.6,0.6,-0.320515,1.0,1.0,NORMAL,False,1.0
1784164494.6055315,running,CURVE,0.764,0.597,0.597,-0.151,0.478,0.013,-0.0,0.49,0.49,False,0.6,0.6,-0.318738,1.0,1.0,NORMAL,False,1.0
1784164494.6254141,running,CURVE,0.767,0.601,0.601,-0.152,0.48,0.012,-0.0,0.493,0.493,False,0.6,0.6,-0.318738,1.0,1.0,NORMAL,False,1.0
1784164494.6456256,running,CURVE,0.768,0.609,0.609,-0.132,0.487,0.016,-0.0,0.502,0.502,False,0.6,0.6,-0.291158,1.0,1.0,NORMAL,False,1.0
1784164494.6659374,running,CURVE,0.769,0.614,0.614,-0.136,0.491,0.017,-0.0,0.508,0.508,False,0.6,0.6,-0.291158,1.0,1.0,NORMAL,False,1.0
1784164494.6856036,running,CURVE,0.771,0.622,0.622,-0.15,0.498,0.014,-0.0,0.512,0.512,False,0.6,0.6,-0.298873,1.0,1.0,NORMAL,False,1.0
1784164494.7058465,running,CURVE,0.772,0.625,0.625,-0.152,0.5,0.013,-0.0,0.513,0.513,False,0.6,0.6,-0.298873,1.0,1.0,NORMAL,False,1.0
1784164494.725425,running,CURVE,0.772,0.627,0.627,-0.154,0.502,0.011,-0.0,0.512,0.512,False,0.6,0.6,-0.298873,1.0,1.0,NORMAL,False,1.0
1784164494.745389,running,CURVE,0.779,0.627,0.627,-0.222,0.501,0.007,-0.0,0.509,0.509,False,0.6,0.6,-0.373861,1.0,1.0,NORMAL,False,1.0
1784164494.7669048,running,CURVE,0.784,0.627,0.627,-0.217,0.501,0.005,-0.0,0.506,0.506,False,0.6,0.6,-0.299765,1.0,1.0,NORMAL,False,1.0
1784164494.7852535,running,CURVE,0.787,0.647,0.647,-0.159,0.517,0.02,-0.0,0.537,0.537,False,0.6,0.6,-0.299765,1.0,1.0,NORMAL,False,1.0
1784164494.8051853,running,CURVE,0.788,0.652,0.652,-0.163,0.522,0.018,-0.0,0.539,0.539,False,0.6,0.6,-0.299765,1.0,1.0,NORMAL,False,1.0
1784164494.8267164,running,CURVE,0.791,0.675,0.675,-0.202,0.54,0.032,-0.0,0.572,0.572,False,0.6,0.6,-0.317719,1.0,1.0,NORMAL,False,1.0
1784164494.846111,running,CURVE,0.792,0.69,0.69,-0.215,0.552,0.035,-0.0,0.587,0.587,False,0.6,0.6,-0.317719,1.0,1.0,NORMAL,False,1.0
1784164494.8665814,running,CURVE,0.794,0.699,0.699,-0.224,0.56,0.033,-0.0,0.593,0.593,False,0.6,0.6,-0.268466,1.0,1.0,NORMAL,False,1.0
1784164494.8853164,running,CURVE,0.793,0.688,0.688,-0.164,0.551,0.007,-0.0,0.558,0.558,False,0.6,0.6,-0.268466,1.0,1.0,NORMAL,False,1.0
1784164494.905768,running,CURVE,0.794,0.685,0.685,-0.156,0.548,0.003,-0.0,0.551,0.551,False,0.6,0.6,-0.26393,1.0,1.0,NORMAL,False,1.0
1784164494.9259882,running,CURVE,0.794,0.683,0.683,-0.153,0.547,0.0,-0.0,0.547,0.547,False,0.6,0.6,-0.26393,1.0,1.0,NORMAL,False,1.0
1784164494.9462354,running,CURVE,0.795,0.682,0.682,-0.151,0.546,-0.001,-0.0,0.545,0.545,False,0.6,0.6,-0.26393,1.0,1.0,NORMAL,False,1.0
1784164494.9669359,running,CURVE,0.798,0.687,0.687,-0.133,0.55,0.004,-0.0,0.554,0.554,False,0.6,0.6,-0.2438,1.0,1.0,NORMAL,False,1.0
1784164494.985782,running,CURVE,0.802,0.693,0.693,-0.135,0.554,0.006,-0.0,0.56,0.56,False,0.6,0.6,-0.2438,1.0,1.0,NORMAL,False,1.0
1784164495.005024,running,CURVE,0.798,0.691,0.691,-0.122,0.553,0.003,-0.0,0.556,0.556,False,0.6,0.6,-0.229027,1.0,1.0,NORMAL,False,1.0
1784164495.0278702,running,CURVE,0.795,0.69,0.69,-0.124,0.552,0.001,-0.0,0.553,0.553,False,0.6,0.6,-0.229027,1.0,1.0,NORMAL,False,1.0
1784164495.0456524,running,CURVE,0.794,0.692,0.692,-0.118,0.554,0.002,-0.0,0.556,0.556,False,0.6,0.6,-0.220102,1.0,1.0,NORMAL,False,1.0
1784164495.0655305,running,CURVE,0.793,0.693,0.693,-0.12,0.554,0.003,-0.0,0.557,0.557,False,0.6,0.6,-0.220102,1.0,1.0,NORMAL,False,1.0
